A	B	weight	scaled_weight
ethanol[c]	MAR03905	81596.890619245	1
NAD+[c]	MAR03905	81596.890619245	1
NADP+[c]	MAR03907	83713.2867153642	1
