""	"ID"	"Description"	"setSize"	"enrichmentScore"	"NES"	"pvalue"	"p.adjust"	"qvalue"	"rank"	"leading_edge"	"core_enrichment"
"hsa04530"	"hsa04530"	"Tight junction"	6	-0.738036588052787	-2.03914850110258	0.000848367706103831	0.000848367706103831	0.0791757936844057	121	"tags=83%, list=17%, signal=70%"	"51735/7278/3308/56288/8777"
"hsa04740"	"hsa04740"	"Olfactory transduction"	10	0.563573836248539	2.15472033282928	0.00150811035589344	0.00150811035589344	0.0791757936844057	65	"tags=70%, list=9%, signal=64%"	"286362/26696/390063/138804/340980/138805/286365"
"hsa05202"	"hsa05202"	"Transcriptional misregulation in cancer"	10	-0.573994963494442	-1.94627618456954	0.00434297374284631	0.00434297374284631	0.152004080999621	34	"tags=40%, list=5%, signal=39%"	"5966/4609/5087/728358"
"hsa04080"	"hsa04080"	"Neuroactive ligand-receptor interaction"	14	0.370826848295929	1.72925200470355	0.0247664001339698	0.0247664001339698	0.537112881270208	90	"tags=50%, list=13%, signal=44%"	"152/122042/2894/5733/51289/2917/1901"
"hsa04390"	"hsa04390"	"Hippo signaling pathway"	9	-0.520670620978692	-1.68173999864074	0.0255768038700099	0.0255768038700099	0.537112881270208	57	"tags=44%, list=8%, signal=41%"	"56288/7976/4609/122786"
"hsa05144"	"hsa05144"	"Malaria"	8	-0.477703429012765	-1.467309500807	0.0659670164917541	0.0659670164917541	0.931952662721893	251	"tags=75%, list=36%, signal=49%"	"6383/3040/2994/1378/2993/3039"
"hsa05168"	"hsa05168"	"Herpes simplex virus 1 infection"	9	0.4164265129683	1.53898910661485	0.0705613008376183	0.0705613008376183	0.931952662721893	414	"tags=100%, list=59%, signal=42%"	"90649/146434/3459/7644/353355/168374/7587/58500/100129842"
"hsa05207"	"hsa05207"	"Chemical carcinogenesis - receptor activation"	7	-0.491243853035225	-1.43526397204528	0.0895295902883156	0.0895295902883156	0.931952662721893	288	"tags=86%, list=41%, signal=51%"	"5604/8822/54575/109/2947/4609"
