	ID	Description	setSize	enrichmentScore	NES	pvalue	rank	leading_edge	core_enrichment
hsa04144	hsa04144	Endocytosis	4	0.781554494517993	1.52075271824732	0.0243041716820025	9	tags=50%, list=3%, signal=49%	5869/51100
hsa04657	hsa04657	IL-17 signaling pathway	2	0.879969632378686	1.40761760487762	0.042962962962963	27	tags=50%, list=10%, signal=45%	1051
hsa04972	hsa04972	Pancreatic secretion	2	-0.874538745387454	-1.43168338580947	0.0513269873431868	37	tags=100%, list=14%, signal=87%	6548
hsa05166	hsa05166	Human T-cell leukemia virus 1 infection	5	0.673178530571404	1.39396094328153	0.0617577197149644	59	tags=60%, list=22%, signal=48%	3689/706/3122
hsa05130	hsa05130	Pathogenic Escherichia coli infection	7	0.594485444563904	1.34107328247971	0.0802675585284281	55	tags=43%, list=20%, signal=35%	10427/5781/4542
hsa04514	hsa04514	Cell adhesion molecules	5	0.65428509644143	1.35483802407718	0.0831353919239905	86	tags=80%, list=32%, signal=56%	3689/3122/214/6404
hsa04670	hsa04670	Leukocyte transendothelial migration	2	0.841328413284133	1.34580631245336	0.0874074074074074	45	tags=100%, list=16%, signal=84%	5781/3689
hsa05146	hsa05146	Amoebiasis	2	0.841328413284133	1.34580631245336	0.0874074074074074	45	tags=100%, list=16%, signal=84%	5869/3689
