A	B	weight	scaled_weight
ethanol[c]	MAR03905	156176.092457259	1
NAD+[c]	MAR03905	156176.092457259	1
NADP+[c]	MAR03907	186341.732257285	1
