"TF"	"size"	"nes"	"pval"	"pval.fdr"
"RUNX1"	20	2.63379861533998	0.00844355517159301	0.874846594566567
"ATF6"	10	2.10014679735798	0.035715929764534	0.874846594566567
"RXRA"	12	-2.04610772165685	0.0407457734607005	0.874846594566567
"HNF4A"	81	-1.92222090023513	0.0545779680495532	0.874846594566567
"GATA1"	15	-1.83792613289435	0.0660732907065649	0.874846594566567
"MITF"	34	-1.71053619374085	0.0871667664775098	0.874846594566567
"EGR1"	124	1.70815885656358	0.087606870417509	0.874846594566567
