ONTOLOGY	ID	Description	GeneRatio	BgRatio	pvalue	p.adjust	qvalue	geneID	Count
MF	GO:0001227	DNA-binding transcription repressor activity, RNA polymerase II-specific	23/168	304/5699	2.40419975654904e-05	2.40419975654904e-05	0.00401104269632019	YY1/GTF2IRD1/FOXR1/ZNF19/NR2C1/ZNF558/PRDM2/ZBTB39/PAX6/ELK3/MAX/FOXK1/GSC/ZNF148/FEZF1/ZNF764/HIVEP1/PPARG/NR3C1/SOX13/ETV6/ZKSCAN3/RELA	23
MF	GO:0001217	DNA-binding transcription repressor activity	23/168	308/5699	2.96536230467251e-05	2.96536230467251e-05	0.00401104269632019	YY1/GTF2IRD1/FOXR1/ZNF19/NR2C1/ZNF558/PRDM2/ZBTB39/PAX6/ELK3/MAX/FOXK1/GSC/ZNF148/FEZF1/ZNF764/HIVEP1/PPARG/NR3C1/SOX13/ETV6/ZKSCAN3/RELA	23
MF	GO:0008270	zinc ion binding	25/168	369/5699	6.66940978195938e-05	6.66940978195938e-05	0.00601416952267916	USP16/KDM2B/PRKCB/ZKSCAN5/RNF2/SIRT3/CBLC/NR2C1/KDM2A/PRDM2/ZFPM2/PARP1/KLF7/ZNF407/TRIM29/ZNF346/CYLD/PPARG/TET3/NR3C1/ZNF214/SHH/AR/NFXL1/TET2	25
MF	GO:0046914	transition metal ion binding	26/168	404/5699	0.00011113874626331	0.00011113874626331	0.0075164888920186	USP16/KDM2B/PRKCB/ZKSCAN5/RNF2/SIRT3/CBLC/NR2C1/KDM2A/TDP2/PRDM2/ZFPM2/PARP1/KLF7/ZNF407/TRIM29/ZNF346/CYLD/PPARG/TET3/NR3C1/ZNF214/SHH/AR/NFXL1/TET2	26
MF	GO:0001216	DNA-binding transcription activator activity	25/168	450/5699	0.00139207185880873	0.00139207185880873	0.0753184142555461	YY1/FOXR1/ZNF808/HOXA10/TFCP2L1/E2F5/PRDM2/MEIS2/PAX6/ELK3/KLF7/PRDM4/DMTF1/SALL2/GMEB1/CREB1/ZFP62/NR3C1/ETV6/E2F3/AR/RELA/FEV/OTX2/ATF6	25
MF	GO:0001046	core promoter sequence-specific DNA binding	5/168	32/5699	0.00221455518185444	0.00221455518185444	0.0995845216695357	DR1/PAX6/TBPL1/NR3C1/RELA	5
MF	GO:0001228	DNA-binding transcription activator activity, RNA polymerase II-specific	24/168	446/5699	0.00267492401910413	0.00267492401910413	0.0995845216695357	YY1/FOXR1/ZNF808/HOXA10/TFCP2L1/PRDM2/MEIS2/PAX6/ELK3/KLF7/PRDM4/DMTF1/SALL2/GMEB1/CREB1/ZFP62/NR3C1/ETV6/E2F3/AR/RELA/FEV/OTX2/ATF6	24
MF	GO:0016706	2-oxoglutarate-dependent dioxygenase activity	4/168	21/5699	0.00294491192485786	0.00294491192485786	0.0995845216695357	KDM2B/KDM2A/TET3/TET2	4
MF	GO:0051213	dioxygenase activity	4/168	24/5699	0.00488091391922192	0.00488091391922192	0.146712851139185	KDM2B/KDM2A/TET3/TET2	4
