A	B	weight	scaled_weight
ethanol[c]	MAR03905	159729.093238834	1
NAD+[c]	MAR03905	159729.093238834	1
NADP+[c]	MAR03907	176128.907994567	1
