A	B	weight	scaled_weight
ethanol[c]	MAR03905	185528.174081019	1
NAD+[c]	MAR03905	185528.174081019	1
NADP+[c]	MAR03907	219314.952911612	1
